make,model,derivative,year,price,fuelType,mileage,sellerType,transmission,engineSize,color,manufacturerColor,condition,owners,taxBandCode
Mercedes-Benz,E Class,E 300De AMG Line Plus *MULTISPOKE ALLOYS*NIGHT PACKAGE*,2026,89900,Diesel Plug-in Hybrid,0,ContactTrade,Automatic,2.0,Black,Black,new,,
Mercedes-Benz,E Class,E 300De AMG Line Plus *MULTISPOKE ALLOYS*,2026,89500,Diesel Plug-in Hybrid,0,ContactTrade,Automatic,2.0,Black,Black,new,,
Mercedes-Benz,E Class,E 300De AMG Line *MULTISPOKE ALLOYS*NIGHT PACKAGE*,2026,89500,Diesel Plug-in Hybrid,0,ContactTrade,Automatic,2.0,Silver,Silver,new,,
Mercedes-Benz,E Class,E 300De AMG Line Plus *Hyperscreen* 360 Camera* €1053pm,2026,89495,Diesel Plug-in Hybrid,0,ContactTrade,Automatic,2.0,Black,Black,new,,
Mercedes-Benz,E Class,E 300 e AMG EDITION PLUS,2026,89367,Petrol Plug-in Hybrid,14,ContactTrade,Automatic,2.0,Grey,Graphite Grey Metallic,new,,
Mercedes-Benz,E Class,E 300De AMG Line *MULTISPOKE ALLOYS*,2026,89300,Diesel Plug-in Hybrid,0,ContactTrade,Automatic,2.0,Blue,Blue,new,,
Mercedes-Benz,E Class,E 300de AMG Line Plus *Multispoke Alloys*,2026,89300,Diesel Plug-in Hybrid,0,ContactTrade,Automatic,2.0,Black,Black,new,,
Mercedes-Benz,E Class,E 300 DE AMG EDITION PLUS,2026,89121,Diesel Plug-in Hybrid,12,ContactTrade,Automatic,2.0,Blue,NAUTIC BLUE,new,,
Mercedes-Benz,E Class,E 300De AMG Line Plus *360 CAMERA*MULTISPOKE ALLOYS*NIGHT PACKAGE* €1047pm,2026,88950,Diesel Plug-in Hybrid,0,ContactTrade,Automatic,2.0,Black,Black,new,,
Mercedes-Benz,E Class,E 300De AMG Line Plus *360 CAMERA* *MULTISPOKE ALLOYS* €1046pm,2026,88900,Diesel Plug-in Hybrid,0,ContactTrade,Automatic,2.0,Black,Black,new,,
Mercedes-Benz,E Class,E 300De AMG Line *MULTISPOKE ALLOYS*,2026,88900,Diesel Plug-in Hybrid,0,ContactTrade,Automatic,2.0,Black,Black,new,,
Mercedes-Benz,E Class,E 300De AMG Line *MULTISPOKE ALLOYS*,2026,88900,Diesel Plug-in Hybrid,0,ContactTrade,Automatic,2.0,Blue,Blue,new,,
Mercedes-Benz,E Class,E 300De AMG Line *MULTISPOKE ALLOYS*,2026,88900,Diesel Plug-in Hybrid,0,ContactTrade,Automatic,2.0,Grey,Grey,new,,
Mercedes-Benz,E Class,E 300De AMG Line *360 CAMERA*MULTISPOKE ALLOYS*,2026,88900,Diesel Plug-in Hybrid,0,ContactTrade,Automatic,2.0,Black,Black,new,,
Mercedes-Benz,E Class,E 300De AMG Line Plus *MULTISPOKE ALLOYS*,2026,88900,Diesel Plug-in Hybrid,0,ContactTrade,Automatic,2.0,Blue,Blue,new,,
Mercedes-Benz,E Class,E 300De AMG Line Plus,2026,88900,Diesel Plug-in Hybrid,0,ContactTrade,Automatic,2.0,Blue,Blue,new,,
Mercedes-Benz,E Class,E 300De AMG Line Plus,2026,88900,Diesel Plug-in Hybrid,0,ContactTrade,Automatic,2.0,Blue,Blue,new,,
Mercedes-Benz,E Class,E 300De AMG Line *MULTISPOKE ALLOYS*,2026,88900,Diesel Plug-in Hybrid,0,ContactTrade,Automatic,2.0,Black,Black,new,,
Mercedes-Benz,E Class,E 300De AMG Line Plus,2026,88900,Diesel Plug-in Hybrid,0,ContactTrade,Automatic,2.0,Silver,Silver,new,,
Mercedes-Benz,E Class,E300De AMG Line *MULTISPOKE ALLOYS*,2026,88900,Diesel Plug-in Hybrid,0,ContactTrade,Automatic,2.0,Grey,Grey,new,,
Mercedes-Benz,E Class,E 300De AMG Line Plus *MULTISPOKE ALLOYS*,2026,88900,Diesel Plug-in Hybrid,0,ContactTrade,Automatic,2.0,Black,Black,new,,
Mercedes-Benz,E Class,E 300De AMG Line *MULTISPOKE ALLOYS*,2026,88900,Diesel Plug-in Hybrid,0,ContactTrade,Automatic,2.0,Black,Black,new,,
Mercedes-Benz,E Class,E 300De AMG Line *MULTISPOKE ALLOYS*,2026,88900,Diesel Plug-in Hybrid,0,ContactTrade,Automatic,2.0,Grey,Grey,new,,
Mercedes-Benz,E Class,E 300De AMG Line *MULTISPOKE ALLOYS*NIGHT PACKAGE*,2026,88700,Diesel Plug-in Hybrid,0,ContactTrade,Automatic,2.0,Silver,Silver,new,,
Mercedes-Benz,E Class,E300De AMG Line PHEV €1035pm,2026,87900,Diesel Plug-in Hybrid,0,ContactTrade,Automatic,2.0,Grey,Grey,new,,
Mercedes-Benz,E Class,E300De AMG Line PHEV €1035pm,2026,87900,Diesel Plug-in Hybrid,0,ContactTrade,Automatic,2.0,Grey,Grey,new,,
Mercedes-Benz,E Class,E 300De AMG Line €1035pm,2026,87900,Diesel Plug-in Hybrid,0,ContactTrade,Automatic,2.0,Black,Black,new,,
Mercedes-Benz,E Class,"E Class E 300 AMG Edition Plus | Night Package, 360 Degree Camera",2026,87756,Petrol Plug-in Hybrid,9,ContactTrade,Automatic,2.0,Silver,Verde Silver,new,,
Mercedes-Benz,E Class,"E 300 E AMG Edition Plus | Massage Seats for Driver, Heated Seats, Reversing Camera, Memory Seat Package",2026,87146,Petrol Plug-in Hybrid,9,ContactTrade,Automatic,2.0,Grey,Graphite Grey Metallic,new,,
Mercedes-Benz,E Class,E 300De AMG Line Plus,2026,86950,Diesel Plug-in Hybrid,0,ContactTrade,Automatic,2.0,Black,Black,new,,
Mercedes-Benz,E Class,E300De AMG Line PHEV,2026,86900,Diesel Plug-in Hybrid,0,ContactTrade,Automatic,2.0,Black,Black,new,,
Mercedes-Benz,E Class,E 300De AMG Line Plus,2026,86900,Diesel Plug-in Hybrid,0,ContactTrade,Automatic,2.0,Black,Black,new,,
Mercedes-Benz,E Class,E 300 e AMG EDITION PLUS,2026,86891,Petrol Plug-in Hybrid,14,ContactTrade,Automatic,2.0,Silver,VERDE SILVER,new,,A1
Mercedes-Benz,E Class,E 300 E AMG EDITION PLUS,2026,86620,Petrol Plug-in Hybrid,9,ContactTrade,Automatic,2.0,Black,Black,new,,
Mercedes-Benz,E Class,E 300 e AMG Edition Plus,2026,86577,Petrol Plug-in Hybrid,16,ContactTrade,Automatic,2.0,Black,Black,new,,
Mercedes-Benz,E Class,E 300E AMG Edition Plus,2026,86227,Petrol Plug-in Hybrid,9,ContactTrade,Automatic,2.0,Black,Black,new,,
Mercedes-Benz,E Class,E 220d Avantgarde Plus,2026,84500,Diesel,0,ContactTrade,Automatic,2.0,Silver,Silver,new,,
Mercedes-Benz,E Class,E 220d Avantgarde Plus,2026,84200,Diesel,0,ContactTrade,Automatic,2.0,Black,Black,new,,
Mercedes-Benz,E Class,AMG E53 Premium Plus,2025,129950,Petrol Plug-in Hybrid,1699,ContactTrade,Automatic,3.0,Grey,Graphite Grey Metallic,used,1,F1
Mercedes-Benz,E Class,"E300De AMG Line *20"" Multispoke Alloys* *360 Camera* €1056pm",2025,90400,Diesel Plug-in Hybrid,0,ContactTrade,Automatic,2.0,Blue,Blue,new,,A1
Mercedes-Benz,E Class,E220D AMG LINE AUTO,2025,89950,Diesel Hybrid,48,ContactTrade,Automatic,2.0,Grey,Grey,new,,A5
Mercedes-Benz,E Class,E300de AMG Line Plus *MULTISPOKE ALLOYS* €1047pm,2025,89900,Diesel Plug-in Hybrid,0,ContactTrade,Automatic,2.0,Grey,Grey,new,1,A1
Mercedes-Benz,E Class,E 300 E AMG EDITION PLUS,2025,89051,Petrol Plug-in Hybrid,11,ContactTrade,Automatic,2.0,Blue,NAUTIC BLUE,new,,
Mercedes-Benz,E Class,"E 300 E AMG EDITION PLUS | 360-degree Reversing Camera, Memory Seat Package",2025,89051,Petrol Plug-in Hybrid,9,ContactTrade,Automatic,2.0,Blue,Nautic Blue,new,,
Mercedes-Benz,E Class,"E 300 e AMG Plus | Night Package, Heated Seats, Reversing Camera",2025,86950,Petrol Plug-in Hybrid,9,ContactTrade,Automatic,2.0,Silver,Verde Silver,new,1,A1
Mercedes-Benz,E Class,E 300 e AMG Line Plus | Panoramic Sunroof | Night Pack | 360 Camera,2025,84950,Petrol Plug-in Hybrid,2798,ContactTrade,Automatic,2.0,Black,Black,used,1,A1
Mercedes-Benz,E Class,E 300E AMG EDITION PLUS,2025,81950,Petrol Plug-in Hybrid,9,ContactTrade,Automatic,2.0,Grey,GRAPHITE GREY METALLIC,new,,
Mercedes-Benz,E Class,"E 220 D MHEV Avantgarde Plus | Reversing Camera, Heated Seats, 360 Camera",2025,79950,Diesel Plug-in Hybrid,12,ContactTrade,Automatic,2.0,Black,Black,new,1,
Mercedes-Benz,E Class,E 300 e AMG Line Plus,2025,78950,Petrol Plug-in Hybrid,11,ContactTrade,Automatic,2.0,Grey,Graphite Grey Metallic,new,1,
Mercedes-Benz,E Class,"E 300 e AMG Line Plus | 360 Camera, Reversing Camera, Heated Seats",2025,78950,Petrol Plug-in Hybrid,9,ContactTrade,Automatic,2.0,Blue,Blue,new,1,
Mercedes-Benz,E Class,"E 300 e AMG Line Plus | Reversing Camera, 360 Degree Camera, Memory Seat Package",2025,78950,Petrol Plug-in Hybrid,9,ContactTrade,Automatic,2.0,Black,Black,new,1,
Mercedes-Benz,E Class,"E 300 e PHEV AMG AUTO, Reversing Camera, Heated Seats",2025,77950,Petrol Plug-in Hybrid,18148,ContactTrade,Automatic,2.0,Grey,Grey,used,1,
Mercedes-Benz,E Class,"E 300 e AMG Line Plus | Memory Seat Package, 360 Camera, Reversing Camera, Heated Seats",2025,77950,Petrol Plug-in Hybrid,2059,ContactTrade,Automatic,2.0,Grey,Grey,used,1,
Mercedes-Benz,E Class,E 300 de AMG Line Plus,2024,74950,Diesel Plug-in Hybrid,22398,ContactTrade,Automatic,2.0,Blue,Nautic Blue Metallic,used,1,
Mercedes-Benz,E Class,E 220 D AMG LNE ADVNCED,2024,72950,Diesel,15399,ContactTrade,Automatic,2.0,Grey,Grey,used,1,B1
Mercedes-Benz,E Class,"E 300 e AMG Line Plus PHEV | Heated Seats, Memory Seat Package, Reversing Camera",2024,72950,Petrol Plug-in Hybrid,10798,ContactTrade,Automatic,2.0,Grey,Graphite Grey Metallic,used,1,A1
Mercedes-Benz,E Class,E 300De AMG Line Plus €834pm,2024,72900,Diesel Plug-in Hybrid,24061,ContactTrade,Automatic,2.0,Black,Black,used,1,
Mercedes-Benz,E Class,"E 300 e AMG Line Plus | Heated Seats, 360-degree Reversing Camera, Sports Seats",2024,71950,Petrol Plug-in Hybrid,32499,ContactTrade,Automatic,2.0,Grey,Grey,used,1,A1
Mercedes-Benz,E Class,AMG Edition Plus *IRISH CAR*NAUTIC BLUE METALLIC WITH BEIGE LEATHER*,2024,69945,Petrol Plug-in Hybrid,49000,ContactTrade,Automatic,2.0,Blue,Blue,used,1,
Mercedes-Benz,E Class,E 220 D MHEV AMG Line Plus,2023,61888,Diesel,16247,ContactTrade,Automatic,2.0,Black,Black,used,1,B1
Mercedes-Benz,E Class,PHEV E300 AMG LINE AUTO,2023,54950,Petrol Plug-in Hybrid,27577,ContactTrade,Automatic,2.0,Red,Red,used,1,
Mercedes-Benz,E Class,E 220 D AMG Line Auto,2022,57888,Diesel,40775,ContactTrade,Automatic,2.0,Black,Black,used,3,
Mercedes-Benz,E Class,E 220 D 4MATIC Avantgarde Call Derek on 0861653401,2022,46900,Diesel Hybrid,35999,ContactTrade,Automatic,2.0,Grey,Grey,used,1,B1
Mercedes-Benz,E Class,"E 300 de PHEV AMG Line Exterior - Heated Seats, Reversing Camera.",2022,44950,Diesel Plug-in Hybrid,98499,ContactTrade,Automatic,2.0,Silver,High Tech Silver Metallic,used,2,A1
Mercedes-Benz,E Class,"E300e AMG 2.0 PETROL PLUG IN HYBRID //AUTUMN SALE €4,000 REDUCTION//",2022,43950,Petrol Hybrid,39484,ContactTrade,Automatic,2.0,Black,,used,1,A1
Mercedes-Benz,E Class,E 220d Avantgarde €458pm,2022,43800,Diesel,76998,ContactTrade,Automatic,2.0,White,White,used,2,B1
Mercedes-Benz,E Class,E 300 de PHEV AMG Line Exterior,2021,39950,Diesel Plug-in Hybrid,17911,ContactTrade,Automatic,2.0,Grey,Grey,used,2,
Mercedes-Benz,E Class,E 220d AMG Line €392pm,2020,33900,Diesel,128776,ContactTrade,Automatic,2.0,Grey,Grey,used,5,A3
Mercedes-Benz,E Class,E 220 d A/T AMG Line,2020,29950,Diesel,196339,ContactTrade,Automatic,2.0,Blue,Blue,used,2,
Mercedes-Benz,E Class,"E53 AMG V6 3.0 PHEV EDITION 577BHP 4MATIC AUTO *(PREMIUM PLUS PACK,NIGHT PACK, SUPERSCREEN , PANORAMIC SUNROOF,HOST OF EXTRAS )*",2026,145950,Petrol Plug-in Hybrid,0,ContactTrade,Automatic,3.0,Silver,Silver,new,,
Mercedes-Benz,E Class,AMG 53 4Matic Hybrid RESERVED REGISTRATION 261D53 - Coming Soon - 21 Inch Alloys - Panoramic Sunroof - Ambient Lighting - Sat Nav - Reversing Camera - Electric Heated Memory Seats - Keyless Start - Ap,2026,145381,Petrol,49,ContactTrade,Automatic,3.0,,,new,,F1
Mercedes-Benz,E Class,"MERCEDES AMG E53 3.0 V6 4MATIC HYBRID EDITITION,HOST OF EXTRAS , AMG NIGHT PACK 2, 21"" AMG 5-TWIN-SPOKE ALLOY,HYPER SUPERSCREEN",2026,135980,Petrol Hybrid,0,ContactTrade,Automatic,3.0,Black,Black,new,,
Mercedes-Benz,E Class,Mercedes-AMG E 53 Hybrid 4MATIC+ Edition 577BHP,2026,134790,Petrol Plug-in Hybrid,0,ContactTrade,Automatic,3.0,Grey,Graphite Grey,new,0,
Mercedes-Benz,E Class,E300,2026,105700,Petrol Plug-in Hybrid,0,ContactTrade,Automatic,2.0,Grey,Grey,new,,
Mercedes-Benz,E Class,300 DE - Premium - HUGE SPEC,2026,100800,Diesel Plug-in Hybrid,0,ContactTrade,Automatic,2.0,Red,Red,new,,
Mercedes-Benz,E Class,E300 DE - Premium,2026,95800,Diesel Plug-in Hybrid,0,ContactTrade,Automatic,2.0,Blue,Blue,new,,
Mercedes-Benz,E Class,E300 DE - Premium,2026,95500,Diesel Plug-in Hybrid,0,ContactTrade,Automatic,2.0,White,White,new,,
Mercedes-Benz,E Class,E300De AMG Line - Pan Roof/20 inch Alloys,2026,94845,Diesel Plug-in Hybrid,9,ContactTrade,Automatic,2.0,Silver,Silver,new,,A1
Mercedes-Benz,E Class,E300 DE - Premium,2026,94800,Diesel Plug-in Hybrid,0,ContactTrade,Automatic,2.0,Brown,Brown,new,,
Mercedes-Benz,E Class,E 300DE AMG Line Plus PHEV Saloon,2026,94345,Diesel Plug-in Hybrid,9,ContactTrade,Automatic,2.0,Silver,High-Tech Silver,new,0,
Mercedes-Benz,E Class,"E300de AMG Plus Night Pack 20"" 328bhp New",2026,94150,Diesel Plug-in Hybrid,0,ContactTrade,Automatic,2.0,Grey,Grey,new,,A1
Mercedes-Benz,E Class,E300de AMG Line +,2026,93900,Diesel Plug-in Hybrid,0,ContactTrade,Automatic,2.0,Silver,Silver,new,1,
Mercedes-Benz,E Class,E300de AMG Plus 328bhp PHEV,2026,93750,Diesel Plug-in Hybrid,0,ContactTrade,Automatic,2.0,Grey,Grey,new,,
Mercedes-Benz,E Class,E300 DE,2026,92300,Diesel Plug-in Hybrid,0,ContactTrade,Automatic,2.0,Blue,Blue,new,,
Mercedes-Benz,E Class,-SOLD-,2026,91950,Diesel Plug-in Hybrid,0,ContactTrade,Automatic,2.0,Silver,Silver,new,,
Mercedes-Benz,E Class,"E300de AMG EDITION PLUS AUTO *( NIGHT PACK, PLUG-IN HYBRID)*",2026,91686,Diesel Plug-in Hybrid,0,ContactTrade,Automatic,2.0,Green,Green,new,,
Mercedes-Benz,E Class,E300de AMG Plus 328bhp Night Pack,2026,91650,Diesel Plug-in Hybrid,0,ContactTrade,Automatic,2.0,Grey,Grey,new,,
Mercedes-Benz,E Class,E300de AMG Plus Night Pack 328bhp,2026,91650,Diesel Plug-in Hybrid,0,ContactTrade,Automatic,2.0,Silver,Silver,new,,
Mercedes-Benz,E Class,300de AMG - 20 Inch Alloys - Reversing Camera - Ambient Lighting - Sat Nav - Climate Control - Electric Heated Memory Seats - Keyless Start - Apple CarPlay/Android Auto,2026,91597,Diesel Plug-in Hybrid,19,ContactTrade,Automatic,2.0,Silver,Silver,new,,
Mercedes-Benz,E Class,E300de AMG Line with Nightpack,2026,91550,Diesel Plug-in Hybrid,9,ContactTrade,Automatic,2.0,Grey,Grey,new,,
Mercedes-Benz,E Class,E300DE AMG with Nightpack/Upgraded Alloys,2026,91550,Diesel Plug-in Hybrid,8,ContactTrade,Automatic,2.0,Blue,Blue,new,,A1
Mercedes-Benz,E Class,300de AMG - 20 Inch Alloys - Reversing Camera - Ambient Lighting - Sat Nav - Climate Control - Electric Heated Memory Seats - Keyless Start - Apple CarPlay/Android Auto,2026,91156,Diesel Plug-in Hybrid,19,ContactTrade,Automatic,2.0,Blue,Blue,new,,A1
Mercedes-Benz,E Class,E300de AMG,2026,90950,Diesel Plug-in Hybrid,0,ContactTrade,Automatic,2.0,Red,Red,new,,
Mercedes-Benz,E Class,E300 E - Premium,2026,90900,Petrol Hybrid,9,ContactTrade,Automatic,2.0,Silver,Silver,new,,
Mercedes-Benz,E Class,E300de AMG PHEV 2.0 Hybrid Diesel 197 / 313 BHP € 140 Road Tax,2026,90642,Diesel Plug-in Hybrid,0,ContactTrade,Automatic,2.0,Black,Black,new,,A1
Mercedes-Benz,E Class,E300de AMG Plus Night Pack 328bhp,2026,90350,Diesel Plug-in Hybrid,0,ContactTrade,Automatic,2.0,Silver,Silver,new,,
Mercedes-Benz,E Class,E300de AMG Edition Plus-Leather Package,2026,89950,Diesel Plug-in Hybrid,0,ContactTrade,Automatic,2.0,Black,Black,new,,
Mercedes-Benz,E Class,E300de AMG EDITION PLUS AUTO *(PLUG-IN HYBRID)*,2026,89900,Diesel Plug-in Hybrid,0,ContactTrade,Automatic,2.0,Blue,Blue,new,,
Mercedes-Benz,E Class,E 220D Exclusive Plus,2026,89651,Diesel Plug-in Hybrid,9,ContactTrade,Automatic,2.0,Blue,Nautic Blue,new,0,
Mercedes-Benz,E Class,300e AMG - 20 Inch Alloys - Reversing Camera - Ambient Lighting - Sat Nav - Climate Control - Electric Heated Memory Seats - Keyless Start - Apple CarPlay/Android Auto,2026,89622,Petrol Plug-in Hybrid,19,ContactTrade,Automatic,2.0,Grey,Grey,new,,
Mercedes-Benz,E Class,E300de AMG PHEV 2.0 DIESEL PLUG IN HYBRID,2026,89523,Diesel Plug-in Hybrid,0,ContactTrade,Automatic,2.0,Silver,verde silver,new,0,
Mercedes-Benz,E Class,E300de AMG PHEV 2.0 DIESEL PLUG IN HYBRID,2026,89500,Diesel Plug-in Hybrid,0,ContactTrade,Automatic,2.0,Grey,Graphite Grey,new,0,
Mercedes-Benz,E Class,E300De AMG with Nightpack,2026,89475,Diesel Plug-in Hybrid,9,ContactTrade,Automatic,2.0,Grey,Grey,new,,A1
Mercedes-Benz,E Class,300E AMG Line Plus MHEV,2026,89282,Diesel Hybrid,9,ContactTrade,Automatic,2.0,Silver,High Tech Silver,new,0,
Mercedes-Benz,E Class,E300de AMG - Backlit interior trim/Upgraded Alloys,2026,89150,Diesel Plug-in Hybrid,11,ContactTrade,Automatic,2.0,Black,Black,new,,
Mercedes-Benz,E Class,300de AMG - Reversing Camera - Ambient Lighting - Sat Nav - Climate Control - Electric Heated Memory Seats - Cruise Control - Keyless Start - Apple CarPlay/Android Auto,2026,89121,Diesel Plug-in Hybrid,19,ContactTrade,Automatic,2.0,Blue,Blue,new,,
Mercedes-Benz,E Class,"E300de AMG EDITION PLUS AUTO *(NIGHT PACK, PLUG-IN HYBRID)*",2026,88967,Diesel Plug-in Hybrid,0,ContactTrade,Automatic,2.0,Silver,Silver,new,,
Mercedes-Benz,E Class,"E300de AMG-20"" Multispoke Alloy Wheels",2026,88950,Diesel Plug-in Hybrid,0,ContactTrade,Automatic,2.0,,Navy,new,,
Mercedes-Benz,E Class,E300de AMG EDITION PLUS AUTO *(PLUG-IN HYBRID)*,2026,88900,Diesel Plug-in Hybrid,0,ContactTrade,Automatic,2.0,Blue,Blue,new,,
Mercedes-Benz,E Class,E220d AVANTGARDE PLUS AUTO *(PANORAMIC SUNROOF)*,2026,88900,Diesel Hybrid,0,ContactTrade,Automatic,2.0,Grey,Grey,new,,
Mercedes-Benz,E Class,E220d EXCLUSIVE AUTO,2026,88646,Diesel Hybrid,0,ContactTrade,Automatic,2.0,Blue,Blue,new,,
Mercedes-Benz,E Class,E300de AMG Plus Night Pack 328bhp NEW,2026,88495,Diesel Plug-in Hybrid,0,ContactTrade,Automatic,2.0,Silver,Silver,new,,
Mercedes-Benz,E Class,"E300de AMG-20"" AMG Alloy Wheels",2026,88450,Diesel Plug-in Hybrid,0,ContactTrade,Automatic,2.0,,Navy,new,,
Mercedes-Benz,E Class,E300De AMG - Upgraded Alloy,2026,88375,Diesel Plug-in Hybrid,8,ContactTrade,Automatic,2.0,Grey,Grey,new,,A1
Mercedes-Benz,E Class,"E300de AMG EDITION PLUS AUTO *(NIGHT PACK, PLUG-IN HYBRID)*",2026,87988,Diesel Plug-in Hybrid,0,ContactTrade,Automatic,2.0,White,White,new,,
Mercedes-Benz,E Class,"E 300de AMG Line-Night Package, 20"" Multispoke Alloys",2026,87950,Diesel Plug-in Hybrid,0,ContactTrade,Automatic,2.0,Black,Black,new,,
Mercedes-Benz,E Class,E220d EXCLUSIVE *ORDER NOW FOR 261*,2026,87950,Diesel,0,ContactTrade,Automatic,2.0,Blue,Nautic Blue Metallic,new,0,B1
Mercedes-Benz,E Class,E300de AMG EDITION PLUS AUTO *(PLUG-IN HYBRID)*,2026,87900,Diesel Plug-in Hybrid,0,ContactTrade,Automatic,2.0,Silver,Silver,new,,
Mercedes-Benz,E Class,E300 E - Premium,2026,87800,Petrol Plug-in Hybrid,0,ContactTrade,Automatic,2.0,Blue,Blue,new,,
Mercedes-Benz,E Class,300e AMG - Reversing Camera - Ambient Lighting - Sat Nav - Climate Control - Electric Heated Memory Seats - Cruise Control - Keyless Start - Apple CarPlay/Android Auto,2026,87765,Petrol Plug-in Hybrid,19,ContactTrade,Automatic,2.0,Grey,Grey,new,,
Mercedes-Benz,E Class,220d Avantgarde - Reversing Camera- Ambient Lighting - Sat Nav - Electric Heated Memory Seats - Climate Control - Keyless Start - Apple CarPlay/Android Auto,2026,87758,Diesel,19,ContactTrade,Automatic,2.0,Blue,Blue,new,,B1
Mercedes-Benz,E Class,E 300DE AMG Edition Plus,2026,87756,Diesel Hybrid,14,ContactTrade,Automatic,2.0,Black,Black,new,0,
Mercedes-Benz,E Class,E300de AMG Line Leather Pack,2026,87750,Diesel Plug-in Hybrid,99,ContactTrade,Automatic,2.0,Grey,Grey,new,,A1
Mercedes-Benz,E Class,E300de AMG Line DIESEL HYBRID *ORDER NOW FOR 261*,2026,87600,Diesel Plug-in Hybrid,0,ContactTrade,Automatic,2.0,Grey,Graphite Grey Metallic,new,0,
Mercedes-Benz,E Class,300e AMG - 19 Inch Alloys - 360 Reversing Camera - Ambient Lighting - Sat Nav - Climate Control - Electric Heated Memory Seats - Keyless Start - Apple CarPlay/Android Auto,2026,87571,Petrol Plug-in Hybrid,19,ContactTrade,Automatic,2.0,Blue,Blue,new,,
Mercedes-Benz,E Class,300e AMG - 19 Inch Alloys - 360 Reversing Camera - Ambient Lighting - Sat Nav - Climate Control - Electric Heated Memory Seats - Keyless Start - Apple CarPlay/Android Auto,2026,87571,Petrol Plug-in Hybrid,19,ContactTrade,Automatic,2.0,Grey,Grey,new,,A1
Mercedes-Benz,E Class,E300De AMG - Upgraded Alloy,2026,87549,Diesel Plug-in Hybrid,9,ContactTrade,Automatic,2.0,Black,Black,new,,A1
Mercedes-Benz,E Class,E220d EXCLUSIVE PLUS AUTO,2026,87400,Diesel Hybrid,0,ContactTrade,Automatic,2.0,Black,Black,new,,
Mercedes-Benz,E Class,E300de AMG Line DIESEL HYBRID *ORDER NOW FOR 261*,2026,87370,Diesel Plug-in Hybrid,0,ContactTrade,Automatic,2.0,Silver,Verde Silver Metallic,new,0,
Mercedes-Benz,E Class,E 300DE AMG Edition Plus PHEV,2026,87340,Diesel Plug-in Hybrid,11,ContactTrade,Automatic,2.0,Black,Black,new,0,
Mercedes-Benz,E Class,E 300DE AMG Plus PHEV Saloon,2026,87340,Diesel Plug-in Hybrid,9,ContactTrade,Automatic,2.0,Black,Black,new,0,
Mercedes-Benz,E Class,E 300DE AMG Line Plus EQ PHEV Saloon,2026,87340,Diesel Plug-in Hybrid,9,ContactTrade,Automatic,2.0,Black,Black,new,0,
Mercedes-Benz,E Class,E 300DE AMG Edition Plus,2026,87340,Diesel Plug-in Hybrid,9,ContactTrade,Automatic,2.0,Black,Black,new,0,
Mercedes-Benz,E Class,E 300DE AMG Line Plus PHEV Saloon,2026,87340,Diesel Plug-in Hybrid,9,ContactTrade,Automatic,2.0,Black,Black,new,0,
Mercedes-Benz,E Class,E 300DE AMG Line Plus EQ PHEV Saloon,2026,87340,Diesel Plug-in Hybrid,9,ContactTrade,Automatic,2.0,Black,Black,new,0,
Mercedes-Benz,E Class,E 300DE AMG Line Plus EQ PHEV Saloon,2026,87340,Diesel Plug-in Hybrid,9,ContactTrade,Automatic,2.0,Black,Black,new,0,
Mercedes-Benz,E Class,E 300DE AMG Line Plus PHEV Saloon,2026,87340,Diesel Plug-in Hybrid,9,ContactTrade,Automatic,2.0,Black,Black,new,0,
Mercedes-Benz,E Class,220D Avantgarde Plus 2.0 lit MHEV Saloon,2026,87025,Diesel,20,ContactTrade,Automatic,2.0,Blue,Nautic Blue,new,0,
Mercedes-Benz,E Class,"-SOLD-E 300de AMG-20"" AMG Alloy Wheels",2026,86950,Diesel Plug-in Hybrid,0,ContactTrade,Automatic,2.0,Black,Black,new,,
Mercedes-Benz,E Class,"E300de AMG-20"" Multispoke Alloys",2026,86950,Diesel Plug-in Hybrid,0,ContactTrade,Automatic,2.0,Black,Black,new,,
Mercedes-Benz,E Class,e300de AMG Line,2026,86950,Diesel Plug-in Hybrid,0,ContactTrade,Automatic,2.0,Black,Black,new,,
Mercedes-Benz,E Class,E220d EXCLUSIVE AUTO,2026,86900,Diesel Hybrid,0,ContactTrade,Automatic,2.0,Black,Black,new,,
Mercedes-Benz,E Class,E300de AMG,2026,86750,Diesel Plug-in Hybrid,0,ContactTrade,Automatic,2.0,Blue,Blue,new,1,
Mercedes-Benz,E Class,E220D Avantgarde Plus,2026,86743,Diesel,9,ContactTrade,Automatic,2.0,Blue,Nautic Blue,new,0,
Mercedes-Benz,E Class,E220d AVANTGARDE PLUS AUTO,2026,86200,Diesel Hybrid,0,ContactTrade,Automatic,2.0,Blue,Blue,new,,
Mercedes-Benz,E Class,300e AMG - 19 Inch Alloys - 360 Reversing Camera - Ambient Lighting - Sat Nav - Climate Control - Electric Heated Memory Seats - Keyless Start - Apple CarPlay/Android Auto,2026,86045,Petrol Plug-in Hybrid,19,ContactTrade,Automatic,2.0,Black,Black,new,,A1
Mercedes-Benz,E Class,E 220 D A/T Avantgarde,2026,86000,Diesel,0,ContactTrade,Automatic,2.0,Grey,Grey,new,,
Mercedes-Benz,E Class,"E 300e AMG-Night Pack, 20"" AMG Alloys",2026,85450,Diesel Plug-in Hybrid,0,ContactTrade,Automatic,2.0,Black,Black,new,,
Mercedes-Benz,E Class,E220d Avantgarde 2.0 Diesel 197BHP,2026,85337,Diesel,0,ContactTrade,Automatic,2.0,Black,Black,new,0,B1
Mercedes-Benz,E Class,E300de AMG Line,2026,84950,Diesel Plug-in Hybrid,0,ContactTrade,Automatic,2.0,Black,Black,new,,
Mercedes-Benz,E Class,E220d Avantgarde Plus *ORDER NOW FOR 261*,2026,84950,Diesel,0,ContactTrade,Automatic,2.0,Grey,Graphite Grey,new,0,B1
Mercedes-Benz,E Class,E220d Avantgarde Plus-Beige Leather Interior,2026,84950,Diesel,0,ContactTrade,Automatic,2.0,Silver,Silver,new,,
Mercedes-Benz,E Class,E300 e AMG Edition + PHEV,2025,94557,Petrol Plug-in Hybrid,19,ContactTrade,Automatic,2.0,Silver,Verde Silver Metallic,new,0,
Mercedes-Benz,E Class,E300 e AMG Edition + PHEV,2025,94556,Petrol Plug-in Hybrid,19,ContactTrade,Automatic,2.0,Grey,Graphite Grey Metallic,new,0,
Mercedes-Benz,E Class,E300 e AMG Edition + PHEV,2025,94215,Petrol Plug-in Hybrid,19,ContactTrade,Automatic,2.0,Silver,Verde Silver Metallic,new,0,A1
Mercedes-Benz,E Class,E300de AMG Line +,2025,87895,Diesel Plug-in Hybrid,0,ContactTrade,Automatic,2.0,Black,Night Black,new,0,
Mercedes-Benz,E Class,E 220D Avantgarde Plus Saloon,2025,87833,Diesel,9,ContactTrade,Automatic,2.0,Grey,Metallic Graphite Grey,new,0,B1
Mercedes-Benz,E Class,E220d Avantgarde,2025,87750,Diesel Hybrid,0,ContactTrade,Automatic,2.0,Black,Black,new,,B1
Mercedes-Benz,E Class,E300 e AMG Edition + PHEV,2025,87120,Petrol Plug-in Hybrid,28,ContactTrade,Automatic,2.0,Black,Black,new,0,A1
Mercedes-Benz,E Class,(252) E220D AMG + *ALPINE GREY,2025,85800,Diesel,100,ContactTrade,Automatic,2.0,Grey,ALPINE GREY,new,0,
Mercedes-Benz,E Class,E300 e AMG Edition + PHEV,2025,85620,Petrol Plug-in Hybrid,28,ContactTrade,Automatic,2.0,Black,Black,new,0,A1
Mercedes-Benz,E Class,"E300De AMG with Nightpack + 20"" alloys 6.9% PCP",2025,85450,Diesel Plug-in Hybrid,5000,ContactTrade,Automatic,2.0,Green,Green,used,1,
Mercedes-Benz,E Class,E300 E AMG LINE PREMIUM PLUS *PAN ROOF*,2025,84990,Petrol Plug-in Hybrid,12187,ContactTrade,Automatic,2.0,Red,Patagonia Red,used,1,
Mercedes-Benz,E Class,(252 NEW CAR) E 220D AMG Advanced Plus Pack,2025,84900,Diesel,145,ContactTrade,Automatic,2.0,Grey,Graphite Grey ,new,1,B1
Mercedes-Benz,E Class,E220D AMG + *BEIGE MACCHIATO LEATHER*,2025,84900,Diesel Hybrid,100,ContactTrade,Automatic,2.0,Black,Obsidian Black,new,0,
Mercedes-Benz,E Class,E300 DE AMG Edtition + PHEV,2025,84900,Diesel Plug-in Hybrid,49,ContactTrade,Automatic,2.0,Black,Obsidian Black Metallic,new,0,A1
Mercedes-Benz,E Class,*deposit taken*E300 DE AMG Edition +,2025,84900,Diesel Plug-in Hybrid,49,ContactTrade,Automatic,2.0,Blue,Nautic Blue Metallic,new,0,
Mercedes-Benz,E Class,"300de AMG - 19 Inch Alloys - Reversing Camera - Ambient Lighting - Sat Nav - Climate Control - Electric Heated Memory Seats - Keyless Start - Apple CarPlay/Android Auto - €83,950 or €84,900 with Supag",2025,83950,Diesel Plug-in Hybrid,3999,ContactTrade,Automatic,2.0,Silver,Silver,used,1,
Mercedes-Benz,E Class,E220 D AMG Line +,2025,83900,Diesel,2499,ContactTrade,Automatic,2.0,Blue,Nautic Blue Metallic,used,1,B1
Mercedes-Benz,E Class,E300 e AMG Edition + PHEV,2025,83900,Petrol Plug-in Hybrid,2499,ContactTrade,Automatic,2.0,Silver,Verde Silver Metallic,used,1,A1
Mercedes-Benz,E Class,E 300 de AMG Line Plus,2025,82945,Diesel Plug-in Hybrid,8999,ContactTrade,Automatic,2.0,Blue,Blue,used,1,
Mercedes-Benz,E Class,E200 Avantgarde +,2025,81900,Petrol Hybrid,2499,ContactTrade,Automatic,2.0,Black,Obsidian Black Metallic,used,1,
Mercedes-Benz,E Class,E220 D Avantgarde +,2025,81500,Diesel,2499,ContactTrade,Automatic,2.0,Black,Obsidian Black Metallic,used,1,B1
Mercedes-Benz,E Class,E220 D Avantgarde + MHEV,2025,81500,Diesel Hybrid,2499,ContactTrade,Automatic,2.0,Black,Obsidian Black Metallic,used,1,B1
Mercedes-Benz,E Class,E 300e AMG Line Plus-Ex Management Car-,2025,79950,Petrol Plug-in Hybrid,11299,ContactTrade,Automatic,2.0,Grey,Grey,used,1,
Mercedes-Benz,E Class,E 300 de AMG Line Plus,2025,79950,Diesel Plug-in Hybrid,10499,ContactTrade,Automatic,2.0,Grey,Grey,used,1,
Mercedes-Benz,E Class,E300de AMG Line-Full AMG Exterior/Interior,2025,79950,Diesel Plug-in Hybrid,2999,ContactTrade,Automatic,2.0,,Navy,used,,
Mercedes-Benz,E Class,"300e AMG - 19 Inch Alloys - Reversing Camera - Ambient Lighting - Sat Nav - Climate Control - Electric Heated Memory Seats - Keyless Start - Apple CarPlay/Android Auto - €79,950 or €80,900 with Supaga",2025,79950,Petrol Plug-in Hybrid,999,ContactTrade,Automatic,2.0,Black,Black,used,1,
Mercedes-Benz,E Class,E 300 de AMG Line Plus,2025,79945,Diesel Plug-in Hybrid,14999,ContactTrade,Automatic,2.0,Blue,Blue,used,1,
Mercedes-Benz,E Class,E300 DE AMG Line + PHEV,2025,79900,Diesel Plug-in Hybrid,11818,ContactTrade,Automatic,2.0,Grey,Graphite Grey Metallic,used,1,
Mercedes-Benz,E Class,DE AMG Line Edition Night Pack Plus 4DR,2025,79888,Diesel Plug-in Hybrid,165,ContactTrade,Automatic,2.0,Grey,Grey,new,1,
Mercedes-Benz,E Class,"AMG LINE PREMIUM ***Opalite White 'MANUFAKTUR"" Paint / Panoramic Roof / Burmeister Sound ***",2025,78900,Hybrid,20600,ContactTrade,Automatic,2.0,White,Opalite White,used,2,A1
Mercedes-Benz,E Class,E220d AMG LINE PLUS *ALPINE GREY*,2025,78900,Diesel,8900,ContactTrade,Automatic,2.0,Grey,ALPINE GREY,used,1,
Mercedes-Benz,E Class,"E220d AMG Only 13,000km",2025,78850,Diesel Plug-in Hybrid,12998,ContactTrade,Automatic,2.0,,,used,1,
Mercedes-Benz,E Class,"220d Avantgarde - 1 OWNER IRISH CAR - 19 Inch Alloys - Reversing Camera - Ambient Lighting - Sat Nav - Climate Control - Electric Heated Memory Seats - Keyless Start - €77,950 or €78,900 with Supagard",2025,77950,Diesel Hybrid,15399,ContactTrade,Automatic,2.0,Black,Black,used,1,
Mercedes-Benz,E Class,E 220 D MHEV Avantgarde Plus,2025,77945,Diesel Hybrid,299,ContactTrade,Automatic,2.0,Grey,Grey,new,,
Mercedes-Benz,E Class,"E300de AMG EDITION AUTO *(NIGHT PACK, 20""AMG ALLOYS BLACK, PLUG-IN HYBRID, VERDE SILVER)*",2025,76950,Diesel Plug-in Hybrid,10499,ContactTrade,Automatic,2.0,Silver,Silver,used,1,
Mercedes-Benz,E Class,E 300 e AMG Line Plus PHEV,2025,76750,Petrol Plug-in Hybrid,4998,ContactTrade,Automatic,2.0,Black,Black,used,1,
Mercedes-Benz,E Class,E300e AMG Line Premium,2024,75950,Petrol Plug-in Hybrid,29499,ContactTrade,Automatic,2.0,Black,Black,used,,A1
Mercedes-Benz,E Class,E 300 de AMG Line Plus,2024,74950,Diesel Plug-in Hybrid,25116,ContactTrade,Automatic,2.0,Black,Black,used,1,A1
Mercedes-Benz,E Class,AMG LNE PREMIUM*VIEW PICTURES OR MISS OUT**,2024,74900,Diesel Hybrid,35409,ContactTrade,Automatic,2.0,Black,,used,1,B1
Mercedes-Benz,E Class,220d AMG Line Advanced 4DR (bigger boot),2024,73888,Diesel,27200,ContactTrade,Automatic,2.0,Grey,Grey,used,1,
Mercedes-Benz,E Class,E220d AVANT GARDE PLUS AUTO,2024,72950,Diesel Hybrid,30000,ContactTrade,Automatic,2.0,Black,Obsidian Black,used,1,B1
Mercedes-Benz,E Class,AMG LINE ADVANCED ,2024,72900,Diesel Hybrid,34761,ContactTrade,Automatic,2.0,Red,,used,1,B1
Mercedes-Benz,E Class,E220d AMG LNE ADVNCED,2024,72900,Diesel Hybrid,34577,ContactTrade,Automatic,2.0,Red,,used,1,B1
Mercedes-Benz,E Class,E220D Exclusive Plus 6.9% PCP,2024,71895,Diesel,19941,ContactTrade,Automatic,2.0,Grey,Grey,used,1,B1
Mercedes-Benz,E Class,E 220 D AMG LINE,2024,71888,Diesel,29600,ContactTrade,Automatic,2.0,Black,Black,used,2,
Mercedes-Benz,E Class,E220D AMG LINE D MHEV Estate,2024,69950,Diesel,32186,ContactTrade,Automatic,2.0,Silver,,used,1,B2
Mercedes-Benz,E Class,E 220 D MHEV AMG Line Plus,2024,69945,Diesel Hybrid,43199,ContactTrade,Automatic,2.0,Blue,Blue,used,1,
Mercedes-Benz,E Class,LOW LOW KMS E220 D AMG LINE ADVANCED MODEL,2024,69945,Diesel Hybrid,19999,ContactTrade,Automatic,2.0,Blue,Blue,used,,
Mercedes-Benz,E Class,AMG LINE D MHEV AUTO,2024,69900,Diesel Hybrid,24904,ContactTrade,Automatic,2.0,Silver,,used,1,B1
Mercedes-Benz,E Class,E220d AMG LINE **Now Sold**,2024,69900,Diesel,24884,ContactTrade,Automatic,2.0,Silver,,used,1,B1
Mercedes-Benz,E Class,E220D Avantgarde Plus,2024,67945,Diesel Hybrid,28998,ContactTrade,Automatic,2.0,Red,Red,used,,B1
Mercedes-Benz,E Class,E220d Avantgarde Plus Auto *Low Mileage*,2024,65950,Diesel Hybrid,21399,ContactTrade,Automatic,2.0,Grey,Grey,used,1,
Mercedes-Benz,E Class,E300 E 2.0 AMG LINE ADVANCED *REMAINING MANUFACTURE WARRANTY*,2024,65900,Petrol Plug-in Hybrid,66000,ContactTrade,Automatic,2.0,Black,,used,1,A1
Mercedes-Benz,E Class,E220D AMG LINE ESTATE,2024,64990,Diesel,31948,ContactTrade,Automatic,2.0,Black,Obsidian Black,used,1,
Mercedes-Benz,E Class,E 300 de AMG Line Plus,2024,64495,Diesel Plug-in Hybrid,97958,ContactTrade,Automatic,2.0,Blue,Blue,used,1,A1
Mercedes-Benz,E Class,E220D AMG LINE,2024,62990,Diesel,34428,ContactTrade,Automatic,2.0,Grey,Graphite Grey,used,1,
Mercedes-Benz,E Class,E220d AMG Premium Plus 194bhp Night Pack,2023,65850,Diesel Hybrid,48999,ContactTrade,Automatic,2.0,White,White,used,2,B1
Mercedes-Benz,E Class,****BLACK FRIDAY SALE****E220D AMG LINE PREMIUM,2023,65000,Diesel,33875,ContactTrade,Other,2.0,Black,,used,1,C2
Mercedes-Benz,E Class,E220 D Coupe AMG Line Premium,2023,63500,Diesel,32318,ContactTrade,Automatic,2.0,White,Manufaktur Opalite White,used,1,B1
Mercedes-Benz,E Class,E 220D Estate AMG/Avantgarde Pack Plus,2023,59950,Diesel Hybrid,62258,ContactTrade,Automatic,2.0,Black,Black,used,1,B1
Mercedes-Benz,E Class,E300 DE AMG Line Premium 13.5 kWh PHEV,2023,59900,Diesel Plug-in Hybrid,59146,ContactTrade,Automatic,2.0,Blue,Nautic Blue Metallic,used,1,A1
Mercedes-Benz,E Class,E300D (265BHP) 4Matic Avantgarde 6.9% PCP,2023,59850,Diesel,42713,ContactTrade,Automatic,2.0,Black,Black,used,1,
Mercedes-Benz,E Class,E 220 D A/T Avantgarde,2023,58950,Diesel Hybrid,25998,ContactTrade,Automatic,2.0,Black,Black,used,1,B1
Mercedes-Benz,E Class,E300 e AMG Line Night Edition Premium + PHEV,2023,58900,Petrol Plug-in Hybrid,74652,ContactTrade,Automatic,2.0,Black,Obsidian Black Metallic,used,2,
Mercedes-Benz,E Class,E220D AMG LINE MHEV 4DR AUTO,2023,58500,Diesel Hybrid,43000,ContactTrade,Automatic,2.0,Black,,used,1,B1
Mercedes-Benz,E Class,"E220d Avantgarde Plus Automatic Diesel ""Price Includes €2,000 Scrappage""",2023,57900,Diesel,51999,ContactTrade,Automatic,2.2,Black,Black,used,1,B1
Mercedes-Benz,E Class,E220d AMG 194bhp Auto,2023,57850,Diesel Hybrid,48999,ContactTrade,Automatic,2.0,Black,Black,used,1,B1
Mercedes-Benz,E Class,E300de AMG 316bhp PHEV,2023,56850,Diesel Plug-in Hybrid,67999,ContactTrade,Automatic,2.0,Silver,Silver,used,1,
Mercedes-Benz,E Class,E300de AMG 316bhp PHEV,2023,56850,Diesel Plug-in Hybrid,66998,ContactTrade,Automatic,2.0,Black,Black,used,1,A1
Mercedes-Benz,E Class,E300de AMG LINE 316BHP Diesel PHEV,2023,54995,Diesel Hybrid,52721,ContactTrade,Automatic,2.0,Black,Black,used,1,A1
Mercedes-Benz,E Class,AMG LINE PREMIUM D  AUTO SALOON.,2023,54950,Diesel,63000,ContactTrade,Automatic,2.0,Silver,MOJAVE SILVER,used,1,B1
Mercedes-Benz,E Class,E300de AMG Line Premium (Night Edition),2023,54950,Diesel Plug-in Hybrid,53999,ContactTrade,Automatic,2.0,Black,Black,used,2,A1
Mercedes-Benz,E Class,E 300de AMG Line Premium Auto,2023,48995,Diesel Plug-in Hybrid,67572,ContactTrade,Automatic,2.0,Black,Black,used,1,
Mercedes-Benz,E Class,AMG LINE PREMIUM DE**18 INCH ALLOYS**MULTIFUNCTIONAL STEERING WHEEL**CRUISE CONTROL**AMBIENT LIGHTING**APPLE CAR PLAY**HEATED LEATHER SEATS**ELECTRIC TAILGATE**REVERSE CAMERA**KEYLESS START**,2023,47995,Diesel Plug-in Hybrid,45340,ContactTrade,Automatic,2.0,Black,,used,1,A1
Mercedes-Benz,E Class,AMG LINE PREMIUM DE**18 INCH ALLOYS**MULTIFUNCTIONAL STEERING WHEEL**CRUISE CONTROL**AMBIENT LIGHTING**APPLE CAR PLAY**HEATED LEATHER SEATS**ELECTRIC TAILGATE**REVERSE CAMERA**KEYLESS START**,2023,47995,Hybrid,45329,ContactTrade,Automatic,2.0,Black,,used,1,A1
Mercedes-Benz,E Class,"E300de AMG Line Premium Estate, Auto, 360 Camera, Upgraded 20'' Diamond Cut Alloys, Black Leather, Heated Seats, Parking Sensors, Electric Tailgate",2023,47777,Diesel Plug-in Hybrid,65515,ContactTrade,Automatic,2.0,Grey,Grey,used,1,A1
Mercedes-Benz,E Class,"220d AMG Coupe - 1 OWNER IRISH CAR - 19 Inch Alloys - Reversing Camera - Ambient Lighting - Sat Nav - Climate Control - Heated Seats - €59950 or €60,900 with Supaguard Vehicle Protection &amp; GAP Insuran",2022,59950,Diesel,56399,ContactTrade,Automatic,2.0,Red,Red,used,1,B1
Mercedes-Benz,E Class,"E220d AMG Premium Plus-Night Pack, Panoramic Sunroof, Burmester Sound, Memory Seats",2022,59950,Diesel,43498,ContactTrade,Automatic,2.0,White,White,used,2,
Mercedes-Benz,E Class,E 220d AMG Coupe-Beige Leather- Ambient Lights &amp; More,2022,59950,Diesel,31098,ContactTrade,Automatic,2.0,Black,Black,used,2,
Mercedes-Benz,E Class,300 DE 4DR AUTO,2022,56950,Diesel Plug-in Hybrid,45221,Private,Automatic,2.0,Black,,used,1,A1
Mercedes-Benz,E Class,"220d AMG - 19 Inch Alloys - Reversing Camera - Ambient Lighting - Sat Nav - Heated Seats - Climate Control - Apple CarPlay/Android Auto - €52,950 or €53,900 with Supagard Vehicle Protection &amp; GAP Insu",2022,52950,Diesel,55799,ContactTrade,Automatic,2.0,Grey,Grey,used,3,B1
Mercedes-Benz,E Class,300de Plug-In Hybrid AMG Line,2022,52950,Diesel Plug-in Hybrid,47298,ContactTrade,Automatic,2.0,Blue,Blue,used,2,
Mercedes-Benz,E Class,E 220d Exclusive-Upgraded Beige Nappa Leather,2022,51950,Diesel,55599,ContactTrade,Automatic,2.0,Black,Black,used,1,
Mercedes-Benz,E Class,E220 D AMG Exterior Line,2022,51900,Diesel Hybrid,70310,ContactTrade,Automatic,2.0,Blue,Nautic Blue Metallic,used,1,B1
Mercedes-Benz,E Class,"300e AMG - HIGH SPEC 1 OWNER IRISH CAR - 360 Reversing Camera - Panoramic Sunroof - Ambient Lighting - Sat Nav - Climate Control - Keyless Start - Apple CarPlay/Android Auto - €49.950 or €50,900 with",2022,49950,Petrol Plug-in Hybrid,77399,ContactTrade,Automatic,2.0,White,White,used,1,A1
Mercedes-Benz,E Class,2.0 D AMG LINE MHEV AUTO 191BHP ( 221 REG ),2022,49800,Diesel,60581,ContactTrade,Automatic,2.0,Grey,,used,0,B2
Mercedes-Benz,E Class,E 300de AMG Line Exterior PHEV Saloon,2022,47950,Diesel Plug-in Hybrid,80829,ContactTrade,Automatic,2.0,Grey,Grey,used,1,
Mercedes-Benz,E Class,E 220d SPORT ESTATE 5DR AUTO,2022,47950,Diesel,77000,ContactTrade,Automatic,2.0,White,POLAR WHITE,used,1,C1
Mercedes-Benz,E Class,E300DE AMG PREMIUM PLUS LINE NIGHT EDITION #40,2022,47950,Diesel Plug-in Hybrid,71249,ContactTrade,Automatic,2.0,Silver,Silver,used,1,A1
Mercedes-Benz,E Class,E 300 de PHEV AMG Line Exterior,2022,46950,Diesel Plug-in Hybrid,127448,ContactTrade,Automatic,2.0,Black,Black,used,1,A1
Mercedes-Benz,E Class,300de AMG NIGHT PACK **PAN SUNROOF,2022,46900,Diesel Plug-in Hybrid,56700,ContactTrade,Automatic,2.0,Grey,,used,2,A1
Mercedes-Benz,E Class,E220 D 220 D 4DR AUTO,2022,45950,Diesel Hybrid,89715,ContactTrade,Automatic,2.0,Black,Black,used,2,B1
Mercedes-Benz,E Class,E300de Estate AMG Line AUTO *(PLUG-IN HYBRID)*,2022,45950,Diesel Plug-in Hybrid,49863,ContactTrade,Automatic,2.0,Blue,Blue,used,1,
Mercedes-Benz,E Class,E220d Avantgarde,2022,44950,Diesel Hybrid,91999,ContactTrade,Automatic,2.0,Silver,Silver,used,2,B1
Mercedes-Benz,E Class,E220d A/T Avantgarde,2022,44950,Diesel,89398,ContactTrade,Automatic,2.0,Silver,Mojave Silver Metallic,used,1,B1
Mercedes-Benz,E Class,D E220 4DR AUTO,2022,43950,Diesel,105459,ContactTrade,Automatic,2.0,Blue,,used,3,B2
Mercedes-Benz,E Class,E220d  Avantgarde,2022,43900,Diesel,87931,ContactTrade,Automatic,2.0,Silver,SILVER,used,1,B2
Mercedes-Benz,E Class,E300de AMG Night Pack 316bhp Auto,2022,43850,Diesel Plug-in Hybrid,108998,ContactTrade,Automatic,2.0,Grey,Grey,used,1,A1
Mercedes-Benz,E Class,E220d AMG Line with Nappa Leather,2022,42950,Diesel,136608,ContactTrade,Automatic,2.0,Grey,Graphite Grey,used,1,B1
Mercedes-Benz,E Class,2.0Cdi AVANGARDE,2022,42950,Diesel,120035,ContactTrade,Automatic,2.0,Black,,used,2,B2
Mercedes-Benz,E Class,300 AMG Plug in Hybrid DSL,2022,39950,Diesel Plug-in Hybrid,114813,ContactTrade,Automatic,2.0,Silver,,used,0,A1
Mercedes-Benz,E Class,D E220 4DR AUTO,2022,39950,Diesel,62802,ContactTrade,Automatic,2.0,Grey,,used,1,B2
Mercedes-Benz,E Class,E 220 D A/T Avantgarde,2022,39950,Diesel,62500,ContactTrade,Automatic,2.0,Grey,Grey,used,1,B1
Mercedes-Benz,E Class,D E220 CABRIOLET 2DR AUTO,2021,57950,Diesel,95500,ContactTrade,Automatic,2.0,Grey,,used,2,C2
Mercedes-Benz,E Class,"300d Cabriolet AMG-Multispoke Alloys, Burmester Sound, Memory Seats",2021,54950,Diesel,54799,ContactTrade,Automatic,2.0,Black,Black,used,2,
Mercedes-Benz,E Class,220d AMG Cabriolet - Reversing Camera - Ambient Lighting - Sat Nav - Climate Control - Electric Heated Memory Seats - Cruise Control - Auto Lights/Wipers,2021,53950,Diesel,70299,ContactTrade,Automatic,2.0,Blue,Blue,used,2,B1
Mercedes-Benz,E Class,*Deposit Taken* E220 D Cabrio AMG Line,2021,51900,Diesel,82892,ContactTrade,Automatic,2.0,Grey,Selenite Grey Metallic,used,1,
Mercedes-Benz,E Class,E220D COUPE AMG  PREMIUM 2DR,2021,49800,Diesel,52947,ContactTrade,Automatic,2.0,Red,Rubellite Red,used,1,C2
Mercedes-Benz,E Class,E220 D AMG LINE NIGHT ED PREM+,2021,46999,Diesel,64000,ContactTrade,Automatic,2.0,Grey,,used,1,C2
Mercedes-Benz,E Class,220 D COUPE 2DR AUTO E SERIES,2021,46250,Diesel,55000,Private,Automatic,2.0,Blue,,used,2,C1
Mercedes-Benz,E Class,E300de PHEV AMG Line AUTO *(PLUG-IN HYBRID)*,2021,45950,Diesel Plug-in Hybrid,93198,ContactTrade,Automatic,2.0,Black,Black,used,4,
Mercedes-Benz,E Class,200p Avantgarde,2021,45950,Petrol,59399,ContactTrade,Automatic,2.0,Silver,Silver,used,2,
Mercedes-Benz,E Class,220 D COUPE AMG Sport,2021,43950,Diesel,86569,ContactTrade,Automatic,2.0,Grey,,used,1,C1
Mercedes-Benz,E Class,E300 DE EQ-P AMG LINE 9G  * 1 YEAR WARRANTY*,2021,43900,Diesel Plug-in Hybrid,56400,ContactTrade,Automatic,2.0,Grey,,used,1,A1
Mercedes-Benz,E Class,AMG LINE DE AUTO,2021,42950,Diesel Hybrid,103236,ContactTrade,Automatic,2.0,Grey,,used,1,A1
Mercedes-Benz,E Class,E 300 de PHEV AMG Line Exterior,2021,42950,Diesel Plug-in Hybrid,84619,ContactTrade,Automatic,2.0,Blue,Blue,used,2,A1
Mercedes-Benz,E Class,E 300 Amg Line Edition De Auto AMG Line Edition E300 de 9G-Tronic Auto PHEV EQ Power 306 122BHP /90 kW Start/Stop,2021,42950,Diesel Hybrid,45228,ContactTrade,Automatic,2.0,Grey,Grey,used,2,
Mercedes-Benz,E Class,E 300 de PHEV AMG Line,2021,42495,Diesel Plug-in Hybrid,40357,ContactTrade,Automatic,2.0,Red,Red,used,2,A1
Mercedes-Benz,E Class,E300de PHEV AMG Line Night Edition - 1 Owner - Video Available,2021,41995,Diesel Plug-in Hybrid,81083,ContactTrade,Automatic,2.0,Grey,Grey,used,1,A1
Mercedes-Benz,E Class,300 DE AMG LINE EDITION 306BHP 4DR ( 211 REG ),2021,41800,Diesel Plug-in Hybrid,139355,ContactTrade,Automatic,2.0,Black,,used,1,A1
Mercedes-Benz,E Class,E300 AMG Night Pack Premium Edition,2021,39999,Petrol,46000,ContactTrade,Automatic,2.0,Silver,,used,1,A1
Mercedes-Benz,E Class,E220D AMG LINE PREMIUM AUTO 4DR,2021,39995,Diesel,90000,ContactTrade,Automatic,2.0,White,,used,2,B2
Mercedes-Benz,E Class,"€2,500 Price drop // Plug in Hybrid Diesel // Estate",2021,39995,Diesel Plug-in Hybrid,65982,ContactTrade,Automatic,2.0,Grey,Grey,used,1,
Mercedes-Benz,E Class,E 200D Avantgarde Line Saloon,2021,39950,Diesel,113844,ContactTrade,Automatic,1.6,Black,Black,used,2,
Mercedes-Benz,E Class,E220 D SPORT 4DR AUTO,2021,39950,Diesel,70150,ContactTrade,Automatic,2.0,Silver,CIRRUS SILVER,used,2,B2
Mercedes-Benz,E Class,E 200 D A/T Avantgarde,2021,39945,Diesel,68253,ContactTrade,Automatic,1.6,Grey,Grey,used,1,
Mercedes-Benz,E Class,E 200 D A/T AMG Ext 1.6 Diesel 160 BHP ROAD TAX €210,2021,39900,Diesel,100998,ContactTrade,Automatic,1.6,Silver,Mojave Silver,used,1,B2
Mercedes-Benz,E Class,#169 E 300 de PHEV AMG Line,2021,39900,Diesel Plug-in Hybrid,61919,ContactTrade,Automatic,2.0,Blue,Blue,used,1,
Mercedes-Benz,E Class,E300de PHEV AMG Line Exterior,2021,38950,Diesel Plug-in Hybrid,99399,ContactTrade,Automatic,2.0,Silver,Hi Tech Silver,used,1,A1
Mercedes-Benz,E Class,E300 DE AMG LINE *1 YEAR WARRANTY*,2021,38900,Diesel Plug-in Hybrid,96500,ContactTrade,Automatic,2.0,Black,,used,2,A1
Mercedes-Benz,E Class,AMG LINE E300de NIGHT EDITION PREMIUM PLUS ESTATE,2021,37950,Diesel Plug-in Hybrid,148949,ContactTrade,Automatic,2.0,Grey,,used,1,A1
Mercedes-Benz,E Class,E300de AMG 316bhp PHEV,2021,37850,Diesel Plug-in Hybrid,124999,ContactTrade,Automatic,2.0,Blue,Blue,used,1,
Mercedes-Benz,E Class,D E200 4DR AUTO,2021,37500,Diesel,198500,ContactTrade,Automatic,1.6,Black,,used,1,B1
Mercedes-Benz,E Class,E 200 D A/T Avantgarde,2021,37495,Diesel,101499,ContactTrade,Automatic,1.6,Grey,Grey,used,1,
Mercedes-Benz,E Class,D SERIES 4DR AUTO,2021,37450,Diesel,70882,ContactTrade,Automatic,2.0,Grey,,used,2,C1
Mercedes-Benz,E Class,AMG LINE EDITION PHEV FREE DELIVERY ,2021,36750,Petrol Plug-in Hybrid,136793,ContactTrade,Automatic,2.0,Grey,,used,1,A1
Mercedes-Benz,E Class,E220d Exclusive Auto,2021,35950,Diesel,164498,ContactTrade,Automatic,2.0,Black,Black,used,1,
Mercedes-Benz,E Class,AMG-LINE EDITION E300D-E PHEV NIGHT EDITION STYLING,2021,35900,Diesel,148736,ContactTrade,Automatic,2.0,Grey,Grey,used,1,A1
Mercedes-Benz,E Class,E220 * AMG LINE * ESTATE,2021,34995,Diesel,149351,ContactTrade,Automatic,2.0,Grey,,used,1,C1
Mercedes-Benz,E Class,E220d A/T Avantgarde,2021,34995,Diesel,147853,ContactTrade,Automatic,2.0,Grey,Grey,used,1,B2
Mercedes-Benz,E Class,E 300 2.0DE AMG STYLING 245BHP 4DR AUTO*QUALITY ASSURED USED CARS*SIMI APPROVED*GREAT RATE FINANCE AVAILABLE*WELCOME TO DAVID QUIGLEY AUTOS*,2021,34950,Diesel Plug-in Hybrid,120462,ContactTrade,Automatic,2.0,Grey,Grey,used,1,
Mercedes-Benz,E Class,D E220 4DR AUTO Finance Available own this car from €145 per week,2021,33999,Diesel,169104,ContactTrade,Automatic,2.0,Grey,,used,1,B2
Mercedes-Benz,E Class,E 220 D A/T Avantgarde,2021,33945,Diesel,135876,ContactTrade,Automatic,2.0,Blue,Blue,used,1,B1
Mercedes-Benz,E Class,E200d Avantgarde 4DR AUTO,2021,31950,Diesel,195301,ContactTrade,Automatic,1.6,Black,,used,2,B1
Mercedes-Benz,E Class,220 D COUPE 06-2022 2DR E SERIES AUTO,2020,49950,Diesel,36500,Private,Automatic,2.0,White,,used,2,B2
Mercedes-Benz,E Class,****BLACK FRIDAY SALE****E220D AMG LINE AUTO CONVERTIBLE,2020,43000,Diesel,80206,ContactTrade,Automatic,2.0,Red,,used,1,D
Mercedes-Benz,E Class,E220d AMG Line*Full Mercedes Service History*,2020,42950,Diesel,71099,ContactTrade,Automatic,2.0,Blue,Blue,used,2,
Mercedes-Benz,E Class,220D COUPE AMG Line 6.9% PCP,2020,42895,Diesel,79966,ContactTrade,Automatic,2.0,Blue,Blue,used,1,
Mercedes-Benz,E Class,"E 220d AMG-Memory Seats, 360 Parking Camera",2020,40950,Diesel,68899,ContactTrade,Automatic,2.0,Black,Black,used,1,
Mercedes-Benz,E Class,E300 DE EQ-P 2.0 AMG Line,2020,39995,Diesel Hybrid,108298,ContactTrade,Automatic,2.0,Blue,Blue,used,1,A1
Mercedes-Benz,E Class,220 D COUPE AMG NIGHT EDITION,2020,39950,Diesel,82483,ContactTrade,Automatic,2.0,Black,,used,2,B2
Mercedes-Benz,E Class,E 200D Exclusive Line Saloon,2020,39950,Diesel,77449,ContactTrade,Automatic,1.6,Blue,Blue,used,2,
Mercedes-Benz,E Class,E 220D Avantgarde Sports-Style Saloon,2020,39950,Diesel,45579,ContactTrade,Automatic,2.0,Blue,Blue,used,2,A3
Mercedes-Benz,E Class,E220D AMG Line Coupe 2DR Auto *Low Kils*,2020,38950,Diesel,81074,ContactTrade,Automatic,2.0,White,White,used,4,A3
Mercedes-Benz,E Class,E 220 d AMG Line AUTOMATIC *FLASH SALE!*,2020,37450,Diesel,98882,ContactTrade,Automatic,2.0,Blue,Blue,used,,
Mercedes-Benz,E Class,*AUTOMATIC* MERCEDEZ E 220D AMG 2.0TDI,2020,37450,Diesel,98882,ContactTrade,Automatic,2.0,Blue,Blue,used,2,
Mercedes-Benz,E Class,E300DE AMG LINE ESTATE,2020,36990,Diesel Plug-in Hybrid,92340,ContactTrade,Automatic,2.0,Grey,Selenite Grey,used,1,
Mercedes-Benz,E Class,E SERIES DE AMG LINE PREMIUM 4DR A AUTO,2020,36500,Diesel Plug-in Hybrid,167000,Private,Automatic,2.0,Black,,used,1,A1
Mercedes-Benz,E Class,E300de PHEV Avantgarde AUTO *(Plug-in Hybrid)*,2020,35950,Diesel Plug-in Hybrid,84498,ContactTrade,Automatic,2.0,Red,Red,used,1,
Mercedes-Benz,E Class,****BLACK FRIDAY SALE****E300 DE AMG LINE AUTO ESTATE,2020,35000,Diesel Plug-in Hybrid,49800,ContactTrade,Automatic,2.0,Silver,,used,1,A1
Mercedes-Benz,E Class,AMG LINE DE AUTO,2020,34950,Diesel Plug-in Hybrid,132722,ContactTrade,Other,2.0,Black,,used,1,A1
Mercedes-Benz,E Class,E220D COUPE AMG PREMIUM AUTO *HUGE SPEC*,2020,34900,Diesel,151165,ContactTrade,Automatic,2.0,Blue,Blue,used,1,A3
Mercedes-Benz,E Class,E300D AMG NIGHT ED PREMIUM PLUS *HUGE SPEC*,2020,34900,Diesel,125672,ContactTrade,Automatic,2.0,Grey,Grey,used,2,
Mercedes-Benz,E Class,E 220 d A/T Avantgarde,2020,34900,Diesel,71004,ContactTrade,Automatic,2.0,Blue,Blue,used,3,A3
Mercedes-Benz,E Class,E220 D AMG LINE PREMIUM NIGHT ED 4DR A,2020,34500,Diesel,173241,ContactTrade,Automatic,2.0,Red,,used,2,B1
Mercedes-Benz,E Class,E200D AMG LINE,2020,32990,Diesel,107287,ContactTrade,Automatic,1.6,Grey,Selenite Grey,used,,
Mercedes-Benz,E Class,E SERIES DE AMG LINE 4DR AUTO,2020,32950,Other,117887,ContactTrade,Automatic,2.0,Black,,used,1,A1
Mercedes-Benz,E Class,E 220D AMG Line AUTO,2020,31995,Diesel,107658,ContactTrade,Automatic,2.0,Silver,Silver,used,2,
Mercedes-Benz,E Class,E220 D AMG LINE EDITION 4DR AUTO,2020,31950,Diesel,130000,Private,Other,2.0,Blue,,used,1,B1
Mercedes-Benz,E Class,E220D AMG A/T,2020,31950,Diesel,110579,ContactTrade,Automatic,2.0,Blue,BLUE,used,1,A3
Mercedes-Benz,E Class,E300de AMG Premium Auto,2020,29995,Diesel Plug-in Hybrid,204850,ContactTrade,Automatic,2.0,Blue,Cavansite Blue,used,2,
Mercedes-Benz,E Class,E220 D SE PREMIUM 4DR AUTO,2020,29990,Diesel,122132,ContactTrade,Automatic,2.0,Black,,used,2,B2
Mercedes-Benz,E Class,E220D AUTO SE,2020,29895,Diesel,138047,ContactTrade,Automatic,2.0,White,White,used,1,A3
Mercedes-Benz,E Class,D E200 AUTO 4DR AVANTGARDE,2020,28950,Diesel,140000,ContactTrade,Automatic,1.6,Black,,used,3,A3
Mercedes-Benz,E Class,,2020,26750,Diesel,219998,ContactTrade,Automatic,2.0,Black,Black,used,2,A3